{"count":1,"self":15.0127744,"total":415.95025369999996,"children":{"InitializeActuators":{"count":1,"self":0.0020177999999999997,"total":0.0020177999999999997,"children":null},"InitializeSensors":{"count":1,"self":0.0019995,"total":0.0019995,"children":null},"AgentSendState":{"count":43767,"self":0.3106645,"total":1.8803564,"children":{"CollectObservations":{"count":43767,"self":0.58472249999999992,"total":0.58472249999999992,"children":null},"WriteActionMask":{"count":43767,"self":0.1982146,"total":0.1982146,"children":null},"RequestDecision":{"count":43767,"self":0.17903249999999998,"total":0.7867548,"children":{"AgentInfo.ToProto":{"count":43767,"self":0.25328449999999997,"total":0.60772229999999994,"children":{"GenerateSensorData":{"count":43767,"self":0.35443779999999997,"total":0.35443779999999997,"children":null}}}}}}},"DecideAction":{"count":43767,"self":398.70187519999996,"total":398.7018739,"children":null},"AgentAct":{"count":43767,"self":0.3476381,"total":0.3476381,"children":null},"AgentInfo.ToProto":{"count":136,"self":0.0010627,"total":0.0020811,"children":{"GenerateSensorData":{"count":136,"self":0.0010184,"total":0.0010184,"children":null}}}},"gauges":{"EdgeRunnerBasic.CumulativeReward":{"count":136,"max":1.57444882,"min":1.563463,"runningAverage":1.56734264,"value":1.56682611,"weightedAverage":1.56654537}},"metadata":{"timer_format_version":"0.1.0","start_time_seconds":"1774912510","unity_version":"6000.4.0f1","command_line_arguments":"C:\\Program Files\\Unity\\Hub\\Editor\\6000.4.0f1\\Editor\\Unity.exe -projectPath C:\\Universidade\\Projeto\\EdgeRunner","communication_protocol_version":"1.5.0","com.unity.ml-agents_version":"4.0.2","scene_name":"TrainingScene_Gap01","end_time_seconds":"1774912926"}}