{"count":1,"self":83.8267904,"total":85.592365,"children":{"InitializeActuators":{"count":1,"self":0.0025169999999999997,"total":0.0025169999999999997,"children":null},"InitializeSensors":{"count":1,"self":0.0025344,"total":0.0025344,"children":null},"AgentSendState":{"count":3555,"self":0.0389711,"total":0.1577839,"children":{"CollectObservations":{"count":3555,"self":0.087979099999999991,"total":0.087979099999999991,"children":null},"WriteActionMask":{"count":3555,"self":0.010123799999999999,"total":0.010123799999999999,"children":null},"RequestDecision":{"count":3555,"self":0.0207099,"total":0.0207099,"children":null}}},"DecideAction":{"count":3555,"self":1.5700825999999999,"total":1.5700825999999999,"children":null},"AgentAct":{"count":3555,"self":0.031148699999999998,"total":0.031148699999999998,"children":null}},"gauges":{"EdgeRunnerBasic.CumulativeReward":{"count":7,"max":2.261025,"min":-0.0414422862,"runningAverage":1.92358744,"value":2.261025,"weightedAverage":2.0721283}},"metadata":{"timer_format_version":"0.1.0","start_time_seconds":"1774983227","unity_version":"6000.4.0f1","command_line_arguments":"C:\\Program Files\\Unity\\Hub\\Editor\\6000.4.0f1\\Editor\\Unity.exe -openfile C:\\Universidade\\Projeto\\EdgeRunner\\Assets\\TrainingScene_Gap02.unity","communication_protocol_version":"1.5.0","com.unity.ml-agents_version":"4.0.2","scene_name":"TrainingScene_MiniLevel01_Easy","end_time_seconds":"1774983313"}}