{"count":1,"self":597.07704319999993,"total":1092.9259327,"children":{"InitializeActuators":{"count":163,"self":0.0055350999999999994,"total":0.0055350999999999994,"children":null},"InitializeSensors":{"count":163,"self":0.0035339,"total":0.0035339,"children":null},"AgentSendState":{"count":49217,"self":0.3142622,"total":1.9548465,"children":{"CollectObservations":{"count":49217,"self":0.6128408,"total":0.6128408,"children":null},"WriteActionMask":{"count":49217,"self":0.12189259999999999,"total":0.12189259999999999,"children":null},"RequestDecision":{"count":49217,"self":0.2672661,"total":0.9058509,"children":{"AgentInfo.ToProto":{"count":49217,"self":0.2835777,"total":0.6385848,"children":{"GenerateSensorData":{"count":49217,"self":0.35500709999999996,"total":0.35500709999999996,"children":null}}}}}}},"DecideAction":{"count":49217,"self":492.90874879999996,"total":492.9087454,"children":null},"AgentAct":{"count":49217,"self":0.97118489999999991,"total":0.97118489999999991,"children":{"AgentInfo.ToProto":{"count":6,"self":0,"total":0,"children":{"GenerateSensorData":{"count":6,"self":0,"total":0,"children":null}}}}},"AgentInfo.ToProto":{"count":322,"self":0.0030245999999999997,"total":0.0050520999999999995,"children":{"GenerateSensorData":{"count":322,"self":0.0020275,"total":0.0020275,"children":null}}}},"gauges":{"EdgeRunnerBasic.CumulativeReward":{"count":175,"max":7.78678226,"min":-1.62279928,"runningAverage":-0.9964279,"value":-1.59449875,"weightedAverage":-1.48312747}},"metadata":{"timer_format_version":"0.1.0","start_time_seconds":"1775150765","unity_version":"6000.4.0f1","command_line_arguments":"C:\\Program Files\\Unity\\Hub\\Editor\\6000.4.0f1\\Editor\\Unity.exe -rebuildlibrary -cloudEnvironment production -cloudProject 98b56268-8db5-4167-a4e3-995a824c08b5 -projectpath C:\\Universidade\\Projeto\\EdgeRunner","communication_protocol_version":"1.5.0","com.unity.ml-agents_version":"4.0.2","scene_name":"TrainingScene_Gap03_Bridge01","end_time_seconds":"1775151858"}}